cycle,range_bin,doppler_bin,output_hex
1036005000,0,0,ff9d0008
1036015000,0,1,00190006
1036025000,0,2,006700fe
1036035000,0,3,003afd19
1036045000,0,4,ff0503de
1036055000,0,5,0103fa24
1036065000,0,6,ff3706cf
1036075000,0,7,0061fd7d
1036085000,0,8,ffc7fc5c
1036095000,0,9,fffd02d2
1036105000,0,10,00c3019a
1036115000,0,11,fc8afebf
1036125000,0,12,0453feea
1036135000,0,13,fe2301ac
1036145000,0,14,ffbbff5d
1036155000,0,15,00c70013
1038035000,0,16,000fffea
1038045000,0,17,009f011d
1038055000,0,18,fdfefe1b
1038065000,0,19,015b0103
1038075000,0,20,019affdb
1038085000,0,21,fffffeb2
1038095000,0,22,fc0802dc
1038105000,0,23,031dfe3b
1038115000,0,24,005b011a
1038125000,0,25,fcef00c3
1038135000,0,26,0068fdd9
1038145000,0,27,01130195
1038155000,0,28,fffcfd95
1038165000,0,29,ffa301e2
1038175000,0,30,ff9affac
1038185000,0,31,000dff79
1040065000,1,0,ff9a0022
1040075000,1,1,0048001c
1040085000,1,2,004affe9
1040095000,1,3,ff00ff32
1040105000,1,4,004700c7
1040115000,1,5,006d0040
1040125000,1,6,002efffa
1040135000,1,7,fe5d01d9
1040145000,1,8,0232fbb6
1040155000,1,9,fee60370
1040165000,1,10,037cff49
1040175000,1,11,f958ffc2
1040185000,1,12,0555fe61
1040195000,1,13,fe1d0210
1040205000,1,14,fffcff14
1040215000,1,15,003b0017
1042095000,1,16,ffedfff5
1042105000,1,17,007b00ba
1042115000,1,18,feb3ff31
1042125000,1,19,ffc9ff74
1042135000,1,20,0213ff77
1042145000,1,21,01180003
1042155000,1,22,ff0f0361
1042165000,1,23,fddafc7f
1042175000,1,24,015f01fd
1042185000,1,25,fe030068
1042195000,1,26,01f5fc33
1042205000,1,27,00bd0544
1042215000,1,28,fec9f9e3
1042225000,1,29,003e03e7
1042235000,1,30,fff9fe7f
1042245000,1,31,0074002d
1044125000,2,0,ff76ffe3
1044135000,2,1,005aff19
1044145000,2,2,ff3801f2
1044155000,2,3,0031fd3c
1044165000,2,4,016e02cb
1044175000,2,5,fe5efdca
1044185000,2,6,00b70198
1044195000,2,7,ff82ffdf
1044205000,2,8,0028fbbb
1044215000,2,9,003805d7
1044225000,2,10,ff6efece
1044235000,2,11,fee7fe7c
1044245000,2,12,02c0fffb
1044255000,2,13,ff2c018a
1044265000,2,14,fe7ffedc
1044275000,2,15,01a2008d
1046155000,2,16,00310046
1046165000,2,17,001f0025
1046175000,2,18,ff4dfebe
1046185000,2,19,ffa20208
1046195000,2,20,0192fd29
1046205000,2,21,ffb2031f
1046215000,2,22,027ffdb0
1046225000,2,23,fae503e7
1046235000,2,24,0049fd30
1046245000,2,25,02fb0081
1046255000,2,26,fd7f024a
1046265000,2,27,0284fd3e
1046275000,2,28,fe6000d9
1046285000,2,29,0044ffab
1046295000,2,30,00810120
1046305000,2,31,ff5dff53
1048185000,3,0,ffe9ff7c
1048195000,3,1,00d4001b
1048205000,3,2,fe1200af
1048215000,3,3,01c5fe95
1048225000,3,4,ffc300f7
1048235000,3,5,fff5ffa7
1048245000,3,6,fe5d004d
1048255000,3,7,02b6ffcc
1048265000,3,8,feabff64
1048275000,3,9,fc3600c5
1048285000,3,10,06c00011
1048295000,3,11,fbef0133
1048305000,3,12,0139ff51
1048315000,3,13,ffbdfe5d
1048325000,3,14,00c10123
1048335000,3,15,ff5a0030
1050215000,3,16,0078007a
1050225000,3,17,ff54004b
1050235000,3,18,004dfe5e
1050245000,3,19,002c01be
1050255000,3,20,001ffed0
1050265000,3,21,ff4dff7f
1050275000,3,22,029601e7
1050285000,3,23,fe22008d
1050295000,3,24,fff6ffb0
1050305000,3,25,fdac0069
1050315000,3,26,034dfc9c
1050325000,3,27,fe22048e
1050335000,3,28,00ebfbb6
1050345000,3,29,00930379
1050355000,3,30,ff80fe3f
1050365000,3,31,0008fffb
1052245000,4,0,00090055
1052255000,4,1,fed6ff7d
1052265000,4,2,02ea0177
1052275000,4,3,fc98fe3e
1052285000,4,4,01c6ff82
1052295000,4,5,ff840121
1052305000,4,6,00c801f0
1052315000,4,7,fc76fe48
1052325000,4,8,051ffe93
1052335000,4,9,fd8a023d
1052345000,4,10,00acff4d
1052355000,4,11,feca0192
1052365000,4,12,0202fc6a
1052375000,4,13,fecc01e5
1052385000,4,14,00220048
1052395000,4,15,0008ff58
1054275000,4,16,0038004e
1054285000,4,17,ff73007e
1054295000,4,18,ff4dfdc6
1054305000,4,19,01cb0104
1054315000,4,20,008e01f8
1054325000,4,21,ffb0fcda
1054335000,4,22,fee401ae
1054345000,4,23,001e00db
1054355000,4,24,001eff5c
1054365000,4,25,ffaf01da
1054375000,4,26,ff65fb78
1054385000,4,27,00d304ea
1054395000,4,28,0028f9da
1054405000,4,29,006e03fe
1054415000,4,30,ff5efef8
1054425000,4,31,0064ffa7
1056305000,5,0,ffc4fffe
1056315000,5,1,0090009b
1056325000,5,2,ff81ffa5
1056335000,5,3,0183ff12
1056345000,5,4,fd070113
1056355000,5,5,036efef1
1056365000,5,6,fb49019a
1056375000,5,7,05a100f5
1056385000,5,8,fb62fac4
1056395000,5,9,03a2054b
1056405000,5,10,fe5bff89
1056415000,5,11,fe57fd14
1056425000,5,12,033b019b
1056435000,5,13,fe38ffdd
1056445000,5,14,fffb0058
1056455000,5,15,0025ffa1
1058335000,5,16,ffd4ffe1
1058345000,5,17,00300075
1058355000,5,18,ff84fe68
1058365000,5,19,00770219
1058375000,5,20,ff71fe89
1058385000,5,21,0154fdea
1058395000,5,22,ff34036b
1058405000,5,23,fecc0042
1058415000,5,24,00d0fda3
1058425000,5,25,01ca02bd
1058435000,5,26,fe70fe34
1058445000,5,27,ffa3024d
1058455000,5,28,fea3fbdf
1058465000,5,29,020e021c
1058475000,5,30,ffd0ffb5
1058485000,5,31,ffceffd8
1060365000,6,0,00160022
1060375000,6,1,00290022
1060385000,6,2,fe54ffee
1060395000,6,3,0253fe88
1060405000,6,4,ffdb03f9
1060415000,6,5,ff30fc17
1060425000,6,6,fe6d01a4
1060435000,6,7,041fff17
1060445000,6,8,fb5e00c0
1060455000,6,9,03b10014
1060465000,6,10,fe20005c
1060475000,6,11,ff8bfe32
1060485000,6,12,013902c1
1060495000,6,13,005afdd3
1060505000,6,14,ff27007e
1060515000,6,15,000f0007
1062395000,6,16,0057ffe3
1062405000,6,17,0092ffa5
1062415000,6,18,ff95fff6
1062425000,6,19,0009011d
1062435000,6,20,00cfff9b
1062445000,6,21,ff0f0041
1062455000,6,22,fd58fe55
1062465000,6,23,0454ff5f
1062475000,6,24,fca70029
1062485000,6,25,05460363
1062495000,6,26,fa6bfe4a
1062505000,6,27,03c9fd57
1062515000,6,28,ffb702a5
1062525000,6,29,fef1ff93
1062535000,6,30,0144ffcf
1062545000,6,31,fef2ffd1
1064425000,7,0,ffb6ffb8
1064435000,7,1,00170103
1064445000,7,2,0068ff01
1064455000,7,3,ff0b002f
1064465000,7,4,013fffd6
1064475000,7,5,fe7dff49
1064485000,7,6,00f6037b
1064495000,7,7,0092fc7b
1064505000,7,8,fcca00ce
1064515000,7,9,05bbfeab
1064525000,7,10,fba80481
1064535000,7,11,ff73fb2b
1064545000,7,12,026d0294
1064555000,7,13,ff75ff75
1064565000,7,14,ffbe0033
1064575000,7,15,003cff9f
1066455000,7,16,ff980056
1066465000,7,17,00980048
1066475000,7,18,fe7bff64
1066485000,7,19,019dffad
1066495000,7,20,fef80013
1066505000,7,21,02c8ffc0
1066515000,7,22,fcc603bc
1066525000,7,23,007dfbf1
1066535000,7,24,022c01c8
1066545000,7,25,fe40ff4a
1066555000,7,26,024102b6
1066565000,7,27,ff1ffcc7
1066575000,7,28,feb0022b
1066585000,7,29,00d0fefa
1066595000,7,30,0072004e
1066605000,7,31,0037ffaf
1068485000,8,0,ffef001c
1068495000,8,1,ff4cffd1
1068505000,8,2,01270023
1068515000,8,3,ff33ff23
1068525000,8,4,02960217
1068535000,8,5,fa57fc05
1068545000,8,6,040902c8
1068555000,8,7,fe390146
1068565000,8,8,01b9fbfa
1068575000,8,9,fea20471
1068585000,8,10,00c3fe29
1068595000,8,11,fcc3fefb
1068605000,8,12,050601b7
1068615000,8,13,fe1f001d
1068625000,8,14,ff39ff48
1068635000,8,15,00fdfff8
1070515000,8,16,0025006d
1070525000,8,17,fefe001c
1070535000,8,18,0022fdb1
1070545000,8,19,016b0217
1070555000,8,20,fe8e01d2
1070565000,8,21,030ffcce
1070575000,8,22,fb510372
1070585000,8,23,019dfd63
1070595000,8,24,fecd0003
1070605000,8,25,02720380
1070615000,8,26,fd7afd0b
1070625000,8,27,018d0315
1070635000,8,28,fe40fbbe
1070645000,8,29,01a10116
1070655000,8,30,ff9b00e2
1070665000,8,31,0003ff61
1072545000,9,0,ffe5ff8f
1072555000,9,1,003d009b
1072565000,9,2,fde4005a
1072575000,9,3,029efd2a
1072585000,9,4,fede04b8
1072595000,9,5,01a5fbce
1072605000,9,6,fbef036d
1072615000,9,7,051bfd7e
1072625000,9,8,fbe9ffbd
1072635000,9,9,01d90153
1072645000,9,10,ffa600e0
1072655000,9,11,ffe0fed4
1072665000,9,12,00d400a4
1072675000,9,13,ff61feb8
1072685000,9,14,003f00c1
1072695000,9,15,00130000
1074575000,9,16,00460069
1074585000,9,17,ff0fff8a
1074595000,9,18,016aff87
1074605000,9,19,00120112
1074615000,9,20,0043000e
1074625000,9,21,ffad0143
1074635000,9,22,ff08fc1b
1074645000,9,23,01fa0476
1074655000,9,24,fbbafc6d
1074665000,9,25,055703da
1074675000,9,26,fd84fea7
1074685000,9,27,ff16fed6
1074695000,9,28,01c900e0
1074705000,9,29,ff51feed
1074715000,9,30,003600db
1074725000,9,31,0032ffa6
1076605000,10,0,ffceffe5
1076615000,10,1,00adffa2
1076625000,10,2,fe7c0211
1076635000,10,3,00d3fd9d
1076645000,10,4,008f01de
1076655000,10,5,01aafdea
1076665000,10,6,fb5302cb
1076675000,10,7,0265fe98
1076685000,10,8,01f8fe1f
1076695000,10,9,fe01039e
1076705000,10,10,01ecfe03
1076715000,10,11,fbefff61
1076725000,10,12,03c30082
1076735000,10,13,ff0c0072
1076745000,10,14,ffa5ffcd
1076755000,10,15,fffdffbe
1078635000,10,16,fffe0002
1078645000,10,17,001d0045
1078655000,10,18,00eefe6a
1078665000,10,19,00e50265
1078675000,10,20,fc13ff5b
1078685000,10,21,0465ffac
1078695000,10,22,fd07ffd9
1078705000,10,23,002c021f
1078715000,10,24,001afcb2
1078725000,10,25,01a10221
1078735000,10,26,00dafd44
1078745000,10,27,fd710493
1078755000,10,28,00f5fd31
1078765000,10,29,01350062
1078775000,10,30,ffb10091
1078785000,10,31,0006ffad
1080665000,11,0,ff86ffa2
1080675000,11,1,006e0004
1080685000,11,2,fefa0169
1080695000,11,3,0114fdf7
1080705000,11,4,fe5c011f
1080715000,11,5,0404fd86
1080725000,11,6,fa7405c9
1080735000,11,7,0318fc54
1080745000,11,8,00dafe10
1080755000,11,9,ff02023c
1080765000,11,10,ff0c0123
1080775000,11,11,009efd17
1080785000,11,12,00340353
1080795000,11,13,0050fdaa
1080805000,11,14,ff6e007f
1080815000,11,15,009a0036
1082695000,11,16,ffd20040
1082705000,11,17,0007ffbf
1082715000,11,18,ff51feb2
1082725000,11,19,0472027d
1082735000,11,20,f9b9ff3a
1082745000,11,21,03c2ffac
1082755000,11,22,feda0033
1082765000,11,23,02b50078
1082775000,11,24,fd74ff3a
1082785000,11,25,fe07016f
1082795000,11,26,030500d4
1082805000,11,27,fe9afeed
1082815000,11,28,003dfe58
1082825000,11,29,007c015a
1082835000,11,30,ffccff43
1082845000,11,31,008b0062
1084725000,12,0,ffe6ffdc
1084735000,12,1,000e0093
1084745000,12,2,001a005f
1084755000,12,3,0026fea5
1084765000,12,4,003f015c
1084775000,12,5,005dfc2d
1084785000,12,6,ff400699
1084795000,12,7,ff9afbcf
1084805000,12,8,000cfd9e
1084815000,12,9,0104034f
1084825000,12,10,ffde01f3
1084835000,12,11,fda6fb89
1084845000,12,12,02c7032a
1084855000,12,13,fe85fde9
1084865000,12,14,006001c5
1084875000,12,15,0016ff5b
1086755000,12,16,0019002f
1086765000,12,17,ffff0026
1086775000,12,18,fdc9fdb7
1086785000,12,19,03f501fb
1086795000,12,20,fb630028
1086805000,12,21,06f4fd3f
1086815000,12,22,fa4e0448
1086825000,12,23,0014fd2a
1086835000,12,24,022d00bf
1086845000,12,25,fe03ffaa
1086855000,12,26,022701f7
1086865000,12,27,fe6f006d
1086875000,12,28,fea3fd7a
1086885000,12,29,01b2fffd
1086895000,12,30,ff7e005a
1086905000,12,31,0028ffd2
1088785000,13,0,ffe9ff97
1088795000,13,1,ff860020
1088805000,13,2,01990154
1088815000,13,3,fd84fcb5
1088825000,13,4,02d2030b
1088835000,13,5,fee8fb89
1088845000,13,6,fec105c8
1088855000,13,7,0007fd19
1088865000,13,8,ff4dfe4f
1088875000,13,9,02960268
1088885000,13,10,ff7d014c
1088895000,13,11,fcd0fe59
1088905000,13,12,03c4ff6f
1088915000,13,13,fec000d3
1088925000,13,14,ff85ffe0
1088935000,13,15,00b9004d
1090815000,13,16,002b0086
1090825000,13,17,fff00041
1090835000,13,18,fe19fe92
1090845000,13,19,032900db
1090855000,13,20,fd700042
1090865000,13,21,045cfd97
1090875000,13,22,fac00430
1090885000,13,23,0253fe78
1090895000,13,24,ff25ffdc
1090905000,13,25,00e80181
1090915000,13,26,ff47fde2
1090925000,13,27,ff4f01d7
1090935000,13,28,00f4fcec
1090945000,13,29,004c020f
1090955000,13,30,ff7400ac
1090965000,13,31,ffadfebe
1092845000,14,0,0023003a
1092855000,14,1,0028ffe9
1092865000,14,2,ff4b0125
1092875000,14,3,008cfd19
1092885000,14,4,fffc027a
1092895000,14,5,ff66ffa8
1092905000,14,6,ff2e0216
1092915000,14,7,037bfbc5
1092925000,14,8,fc4503f0
1092935000,14,9,0368fd87
1092945000,14,10,fde70071
1092955000,14,11,018a0087
1092965000,14,12,fd8cff28
1092975000,14,13,0162ffcc
1092985000,14,14,00a80170
1092995000,14,15,ff1ffecf
1094875000,14,16,fffe0067
1094885000,14,17,001aff6c
1094895000,14,18,ff80ff69
1094905000,14,19,00b10041
1094915000,14,20,016400af
1094925000,14,21,fdff009b
1094935000,14,22,02a8fe03
1094945000,14,23,fd650433
1094955000,14,24,ff2afd77
1094965000,14,25,01fa011c
1094975000,14,26,fdd80083
1094985000,14,27,028bff0f
1094995000,14,28,ff48fee3
1095005000,14,29,ff9d022d
1095015000,14,30,002cff09
1095025000,14,31,001f0005
1096905000,15,0,ffc2ffb9
1096915000,15,1,008b0011
1096925000,15,2,ff2400e5
1096935000,15,3,fedbfcd3
1096945000,15,4,03ae04cc
1096955000,15,5,fc42fca4
1096965000,15,6,0179022d
1096975000,15,7,0138fd78
1096985000,15,8,fd0c0319
1096995000,15,9,01f3fe19
1097005000,15,10,01a4006d
1097015000,15,11,fe990169
1097025000,15,12,ff88fce6
1097035000,15,13,00b40192
1097045000,15,14,ffb3ff65
1097055000,15,15,ffe80084
1098935000,15,16,005f009e
1098945000,15,17,0068ff64
1098955000,15,18,ff350063
1098965000,15,19,01600004
1098975000,15,20,fdf00063
1098985000,15,21,01b7fee3
1098995000,15,22,fdfbfe59
1099005000,15,23,024d045c
1099015000,15,24,fd61fd34
1099025000,15,25,0426fefe
1099035000,15,26,fd8102af
1099045000,15,27,0040fc42
1099055000,15,28,020c0297
1099065000,15,29,ff0bfff3
1099075000,15,30,000b00b1
1099085000,15,31,ffabfe9e
1100965000,16,0,ffbaffbc
1100975000,16,1,0020ff40
1100985000,16,2,ffa001c0
1100995000,16,3,00abfd80
1101005000,16,4,fff70498
1101015000,16,5,fc4cf8a9
1101025000,16,6,06780711
1101035000,16,7,fd11fe4d
1101045000,16,8,fd4efcd8
1101055000,16,9,03f60208
1101065000,16,10,feaa01de
1101075000,16,11,fe6bfe3a
1101085000,16,12,0331feb8
1101095000,16,13,fe7a025f
1101105000,16,14,ff1efe45
1101115000,16,15,00ed00d1
1102995000,16,16,ffd4002c
1103005000,16,17,0028005b
1103015000,16,18,ff75fdd6
1103025000,16,19,01320267
1103035000,16,20,fe4bfef5
1103045000,16,21,0512ffcd
1103055000,16,22,fa0802e0
1103065000,16,23,02e1fccc
1103075000,16,24,fe1a02b4
1103085000,16,25,0124fe25
1103095000,16,26,012902ba
1103105000,16,27,fe440177
1103115000,16,28,ffe3fa9b
1103125000,16,29,00f602f7
1103135000,16,30,ffcefff0
1103145000,16,31,0035ffc2
1105025000,17,0,ff96ffcd
1105035000,17,1,00690080
1105045000,17,2,fed6ffad
1105055000,17,3,00a6010a
1105065000,17,4,0099fed6
1105075000,17,5,fef0ff42
1105085000,17,6,027903d1
1105095000,17,7,fd4efcbe
1105105000,17,8,ffb40019
1105115000,17,9,03d5fdf4
1105125000,17,10,fcb2062b
1105135000,17,11,ff62fb64
1105145000,17,12,029d004c
1105155000,17,13,ff520086
1105165000,17,14,fea7002f
1105175000,17,15,0102ffb8
1107055000,17,16,ffd0005c
1107065000,17,17,00ee00b5
1107075000,17,18,fea0fdbb
1107085000,17,19,0230016b
1107095000,17,20,fdca00ad
1107105000,17,21,0395fde5
1107115000,17,22,fc7203fb
1107125000,17,23,0117fdee
1107135000,17,24,ff3cffbe
1107145000,17,25,012eff05
1107155000,17,26,010e00c7
1107165000,17,27,fd860315
1107175000,17,28,00aafa81
1107185000,17,29,007b0255
1107195000,17,30,00f0006b
1107205000,17,31,ff87ff2e
1109085000,18,0,ffa10009
1109095000,18,1,ff9dff7b
1109105000,18,2,ff7701c7
1109115000,18,3,0138fd5e
1109125000,18,4,006b0213
1109135000,18,5,fd76feae
1109145000,18,6,02b90135
1109155000,18,7,fe3500a5
1109165000,18,8,ffa3fce1
1109175000,18,9,022d0213
1109185000,18,10,ff4901ad
1109195000,18,11,fe80fe74
1109205000,18,12,0141fed7
1109215000,18,13,00fc0108
1109225000,18,14,fe37003b
1109235000,18,15,0137ff8d
1111115000,18,16,0042ffc4
1111125000,18,17,ffee0085
1111135000,18,18,ff8bfed4
1111145000,18,19,001a01e3
1111155000,18,20,0199fe2f
1111165000,18,21,0001ffd3
1111175000,18,22,002c0356
1111185000,18,23,fcc6fce5
1111195000,18,24,038e001c
1111205000,18,25,fe1203b9
1111215000,18,26,017bfcb4
1111225000,18,27,00540323
1111235000,18,28,fe6ffd45
1111245000,18,29,003b014b
1111255000,18,30,00d6fe96
1111265000,18,31,00000101
1113145000,19,0,ffad0007
1113155000,19,1,0043fff5
1113165000,19,2,fff8006d
1113175000,19,3,0014ffa2
1113185000,19,4,ff33ffaa
1113195000,19,5,0073fea4
1113205000,19,6,01520453
1113215000,19,7,fce0fef4
1113225000,19,8,03b1fad5
1113235000,19,9,fced0515
1113245000,19,10,039cff65
1113255000,19,11,fb2efea2
1113265000,19,12,0427016e
1113275000,19,13,fe41fe6e
1113285000,19,14,008200df
1113295000,19,15,ffdaffb4
1115175000,19,16,ffedfffa
1115185000,19,17,002400f9
1115195000,19,18,003ffd35
1115205000,19,19,ff9802fb
1115215000,19,20,ff8bfcdf
1115225000,19,21,02eb00e7
1115235000,19,22,ff0a0293
1115245000,19,23,fe7300cf
1115255000,19,24,ff85fcfc
1115265000,19,25,00da00d9
1115275000,19,26,0137ff31
1115285000,19,27,febe03c3
1115295000,19,28,0017faf7
1115305000,19,29,001f02e3
1115315000,19,30,00acfefb
1115325000,19,31,ffef0017
1117205000,20,0,ff87ffcf
1117215000,20,1,ffd00017
1117225000,20,2,00e30162
1117235000,20,3,fe9afd75
1117245000,20,4,01a4024c
1117255000,20,5,fedbfc51
1117265000,20,6,013f04b8
1117275000,20,7,fd6cff0c
1117285000,20,8,01f9fbe5
1117295000,20,9,fe98036f
1117305000,20,10,037b0176
1117315000,20,11,faeefe01
1117325000,20,12,0440ff74
1117335000,20,13,fe6500c5
1117345000,20,14,ff9fffdc
1117355000,20,15,00c40002
1119235000,20,16,0009001b
1119245000,20,17,ffcb00bf
1119255000,20,18,ffb2fd1d
1119265000,20,19,011302ac
1119275000,20,20,fea2ff49
1119285000,20,21,02d4ff48
1119295000,20,22,fd790145
1119305000,20,23,01d4ff1e
1119315000,20,24,fed7fee9
1119325000,20,25,00490327
1119335000,20,26,ffc2ff31
1119345000,20,27,ff4701c6
1119355000,20,28,003afa17
1119365000,20,29,00d80306
1119375000,20,30,ffdfffd1
1119385000,20,31,003affd4
1121265000,21,0,000affa8
1121275000,21,1,ffa0ff70
1121285000,21,2,01af013e
1121295000,21,3,fdd2ff15
1121305000,21,4,00f00117
1121315000,21,5,0027fb28
1121325000,21,6,00a00677
1121335000,21,7,fe2afcda
1121345000,21,8,0040fee2
1121355000,21,9,004c01e8
1121365000,21,10,ff5d0036
1121375000,21,11,00c0ffc1
1121385000,21,12,00de00ab
1121395000,21,13,fef5ff80
1121405000,21,14,0094ff21
1121415000,21,15,ffe400f8
1123295000,21,16,ffeb0031
1123305000,21,17,0108ffed
1123315000,21,18,fdab0038
1123325000,21,19,01edff77
1123335000,21,20,fe7e0132
1123345000,21,21,0246fdb1
1123355000,21,22,fe9801b1
1123365000,21,23,fd43020d
1123375000,21,24,0181fc1b
1123385000,21,25,023a0169
1123395000,21,26,ffc30190
1123405000,21,27,0003fe95
1123415000,21,28,fece008e
1123425000,21,29,00bcffd9
1123435000,21,30,ffda011b
1123445000,21,31,ffa1ff17
1125325000,22,0,ffa0ff7e
1125335000,22,1,011d00e0
1125345000,22,2,fea0ff5e
1125355000,22,3,01d900ed
1125365000,22,4,fe49fe17
1125375000,22,5,01c9fed0
1125385000,22,6,fda903b1
1125395000,22,7,02b1fe8d
1125405000,22,8,fb42fe88
1125415000,22,9,04cbffd0
1125425000,22,10,fe400334
1125435000,22,11,fe57fe2b
1125445000,22,12,0251ff7f
1125455000,22,13,feff0164
1125465000,22,14,002bff21
1125475000,22,15,003f0077
1127355000,22,16,000100cf
1127365000,22,17,0013fef6
1127375000,22,18,ff67002c
1127385000,22,19,fff0ffad
1127395000,22,20,00efffbc
1127405000,22,21,015a00f9
1127415000,22,22,fc7efee7
1127425000,22,23,02d802c6
1127435000,22,24,fd95fec3
1127445000,22,25,0313fd8c
1127455000,22,26,fc610470
1127465000,22,27,00b6fbab
1127475000,22,28,003f0176
1127485000,22,29,0134ffb1
1127495000,22,30,ff3600a1
1127505000,22,31,ffaeff4e
1129385000,23,0,ffd7ff9f
1129395000,23,1,00870061
1129405000,23,2,fdd5fff1
1129415000,23,3,0290ffeb
1129425000,23,4,fff800aa
1129435000,23,5,fc9ffd06
1129445000,23,6,02c904d3
1129455000,23,7,007dfedb
1129465000,23,8,fc29ff2f
1129475000,23,9,06c3fde5
1129485000,23,10,fc31049b
1129495000,23,11,0046fc4f
1129505000,23,12,ff600080
1129515000,23,13,01bbffe4
1129525000,23,14,fe890069
1129535000,23,15,0059fffb
1131415000,23,16,ff81fff3
1131425000,23,17,002c002c
1131435000,23,18,0090ffa9
1131445000,23,19,fe19fff6
1131455000,23,20,045c0003
1131465000,23,21,fc4dff81
1131475000,23,22,01ef0194
1131485000,23,23,fe610195
1131495000,23,24,ff6dfd0d
1131505000,23,25,02fe0096
1131515000,23,26,fcc402bf
1131525000,23,27,0323fe66
1131535000,23,28,fe820021
1131545000,23,29,feb9fee1
1131555000,23,30,017900b0
1131565000,23,31,008bffeb
1133445000,24,0,ffd7ffbb
1133455000,24,1,ff52ff39
1133465000,24,2,00b902b5
1133475000,24,3,fefafcd9
1133485000,24,4,01f801fd
1133495000,24,5,fe0dfd73
1133505000,24,6,018302af
1133515000,24,7,fe6800d4
1133525000,24,8,fe4ffc23
1133535000,24,9,04dc030f
1133545000,24,10,fe4bffcd
1133555000,24,11,fcdc002b
1133565000,24,12,0416fecd
1133575000,24,13,febd00dd
1133585000,24,14,ff75ff0f
1133595000,24,15,009a00a8
1135475000,24,16,ffd30051
1135485000,24,17,00e1ffdd
1135495000,24,18,fe0eff87
1135505000,24,19,015eff22
1135515000,24,20,01240404
1135525000,24,21,00c8f9d2
1135535000,24,22,feaa04f8
1135545000,24,23,00880074
1135555000,24,24,fcddfcf5
1135565000,24,25,06ad028f
1135575000,24,26,fba4ffa5
1135585000,24,27,00f00168
1135595000,24,28,0068fd7a
1135605000,24,29,ffe2ffda
1135615000,24,30,00880138
1135625000,24,31,fff2ff6a
1137505000,25,0,ffb3ffc6
1137515000,25,1,ffcb00a1
1137525000,25,2,0010ff9b
1137535000,25,3,ffa7001e
1137545000,25,4,0018004d
1137555000,25,5,0159fcc8
1137565000,25,6,fc9d0788
1137575000,25,7,018afadc
1137585000,25,8,017d0082
1137595000,25,9,00e50069
1137605000,25,10,fe7c01eb
1137615000,25,11,ff15fc62
1137625000,25,12,025c022b
1137635000,25,13,febffe56
1137645000,25,14,ffa3014a
1137655000,25,15,0082ff64
1139535000,25,16,0028ffe6
1139545000,25,17,00d1ffee
1139555000,25,18,ff6b0037
1139565000,25,19,fedf0045
1139575000,25,20,022cff4d
1139585000,25,21,01790156
1139595000,25,22,fbc1fd76
1139605000,25,23,03c00169
1139615000,25,24,fc5a01c2
1139625000,25,25,039dfdec
1139635000,25,26,fdc30159
1139645000,25,27,01990003
1139655000,25,28,fe8efeaf
1139665000,25,29,ffa1ff00
1139675000,25,30,02a50136
1139685000,25,31,feb0001f
1141565000,26,0,ffef0070
1141575000,26,1,ff7afed7
1141585000,26,2,015e0218
1141595000,26,3,fed2fd54
1141605000,26,4,ff8a020d
1141615000,26,5,020ffecc
1141625000,26,6,fce10241
1141635000,26,7,0179fd24
1141645000,26,8,01d90054
1141655000,26,9,fdac01f7
1141665000,26,10,00200070
1141675000,26,11,00c4fc94
1141685000,26,12,ff7a02a3
1141695000,26,13,00c3ffb2
1141705000,26,14,fff50033
1141715000,26,15,ffd9ff38
1143595000,26,16,ffd1001e
1143605000,26,17,0122002f
1143615000,26,18,feffff3b
1143625000,26,19,ff930109
1143635000,26,20,01db010f
1143645000,26,21,001700ed
1143655000,26,22,fabdfce0
1143665000,26,23,054d0087
1143675000,26,24,fd0900d0
1143685000,26,25,032600f1
1143695000,26,26,fd9b00ef
1143705000,26,27,027ffea1
1143715000,26,28,ff83002f
1143725000,26,29,fe590103
1143735000,26,30,00f9ff82
1143745000,26,31,ffc1ffc7
1145625000,27,0,ffb4ffbf
1145635000,27,1,ffffff50
1145645000,27,2,01220216
1145655000,27,3,fdb2fcf2
1145665000,27,4,01b60188
1145675000,27,5,01e9ff31
1145685000,27,6,fc4f01b0
1145695000,27,7,006bfce5
1145705000,27,8,00c80179
1145715000,27,9,ff750186
1145725000,27,10,0146ff9e
1145735000,27,11,fec0fe5e
1145745000,27,12,ffba0198
1145755000,27,13,00f3ffed
1145765000,27,14,ffb5ff7c
1145775000,27,15,007b009f
1147655000,27,16,ffdf00c6
1147665000,27,17,0037ff9d
1147675000,27,18,febefef4
1147685000,27,19,02d20111
1147695000,27,20,fd7e02f1
1147705000,27,21,ff1bfc6b
1147715000,27,22,018000ff
1147725000,27,23,ff01ffc5
1147735000,27,24,0071fe54
1147745000,27,25,00630165
1147755000,27,26,00aa027c
1147765000,27,27,00e2fc37
1147775000,27,28,fe5a02b1
1147785000,27,29,00dbfebf
1147795000,27,30,ff500145
1147805000,27,31,fffbfeb7
1149685000,28,0,ffbbfff8
1149695000,28,1,004cffd5
1149705000,28,2,fee90175
1149715000,28,3,014cfd2d
1149725000,28,4,fffb02ae
1149735000,28,5,fdbbfcf1
1149745000,28,6,022e0619
1149755000,28,7,ff39fa52
1149765000,28,8,fe910236
1149775000,28,9,048cff19
1149785000,28,10,fcc303b7
1149795000,28,11,0006fc3b
1149805000,28,12,01e9ff3c
1149815000,28,13,fecd0195
1149825000,28,14,ffeefff3
1149835000,28,15,001dff82
1151715000,28,16,00450042
1151725000,28,17,00430064
1151735000,28,18,fe59fe02
1151745000,28,19,031f01b1
1151755000,28,20,fdcf01f4
1151765000,28,21,0399f9b9
1151775000,28,22,fc8c07a6
1151785000,28,23,fffefd27
1151795000,28,24,00c1fe50
1151805000,28,25,015902ce
1151815000,28,26,ffed00ba
1151825000,28,27,fe310095
1151835000,28,28,ffe3fbf2
1151845000,28,29,01630259
1151855000,28,30,0026ffce
1151865000,28,31,ffcaffa7
1153745000,29,0,ffbcffc8
1153755000,29,1,ffbfffde
1153765000,29,2,01d50175
1153775000,29,3,fc99fe2d
1153785000,29,4,04850060
1153795000,29,5,fcdafe1c
1153805000,29,6,005d0486
1153815000,29,7,0007fc96
1153825000,29,8,ff7cffec
1153835000,29,9,0197009a
1153845000,29,10,fefb01cf
1153855000,29,11,ffe3fedb
1153865000,29,12,ffeffe18
1153875000,29,13,00e40274
1153885000,29,14,fee7ff02
1153895000,29,15,00a90062
1155775000,29,16,00170038
1155785000,29,17,ffdbffd5
1155795000,29,18,fe75ff8d
1155805000,29,19,0382ffa9
1155815000,29,20,fbce0136
1155825000,29,21,053afe16
1155835000,29,22,fc0302cb
1155845000,29,23,010efeb6
1155855000,29,24,fe9ffef4
1155865000,29,25,00a70201
1155875000,29,26,02b5ffc3
1155885000,29,27,fd740071
1155895000,29,28,fe50fe7a
1155905000,29,29,0220ff58
1155915000,29,30,ffb700d9
1155925000,29,31,ffd8ff8c
1157805000,30,0,0041fffb
1157815000,30,1,ffc40087
1157825000,30,2,0011ffc4
1157835000,30,3,00a4fdc6
1157845000,30,4,ffa00461
1157855000,30,5,ffeffada
1157865000,30,6,ff4d02fc
1157875000,30,7,0207ffc4
1157885000,30,8,fa87fec5
1157895000,30,9,05980057
1157905000,30,10,fed30354
1157915000,30,11,fe44fb92
1157925000,30,12,008002c7
1157935000,30,13,00e9feec
1157945000,30,14,000f00dc
1157955000,30,15,ffb5ff68
1159835000,30,16,ffd200af
1159845000,30,17,0029ff7e
1159855000,30,18,ff1fffac
1159865000,30,19,02b9ff75
1159875000,30,20,fb960291
1159885000,30,21,030efce1
1159895000,30,22,feaf0418
1159905000,30,23,ff3dfd45
1159915000,30,24,022cffc3
1159925000,30,25,fe3dffe6
1159935000,30,26,00db0176
1159945000,30,27,011fff23
1159955000,30,28,fedc00a9
1159965000,30,29,0150008f
1159975000,30,30,fe57006a
1159985000,30,31,0067fedf
1161865000,31,0,0020fff3
1161875000,31,1,ff5e0084
1161885000,31,2,00f5fef6
1161895000,31,3,fe4701a7
1161905000,31,4,03e4fe1b
1161915000,31,5,fae5004e
1161925000,31,6,035401e9
1161935000,31,7,fed5fe63
1161945000,31,8,0020019d
1161955000,31,9,006cfc46
1161965000,31,10,018b0370
1161975000,31,11,fcb1ffef
1161985000,31,12,0038fe21
1161995000,31,13,03790160
1162005000,31,14,fd90ff55
1162015000,31,15,004b001f
1163895000,31,16,ffe0001a
1163905000,31,17,00d3ff8e
1163915000,31,18,ffde0123
1163925000,31,19,ff63fdb3
1163935000,31,20,02ca025a
1163945000,31,21,fd39009e
1163955000,31,22,fe93feae
1163965000,31,23,016afea5
1163975000,31,24,0188010c
1163985000,31,25,00fb0198
1163995000,31,26,fdd8fc85
1164005000,31,27,019d0263
1164015000,31,28,ffbe0060
1164025000,31,29,ff0d0014
1164035000,31,30,00afff32
1164045000,31,31,ffaa0025
1165925000,32,0,ffd8ffc7
1165935000,32,1,008dffff
1165945000,32,2,fe3c0024
1165955000,32,3,01c8ff10
1165965000,32,4,ff3a0277
1165975000,32,5,0099faed
1165985000,32,6,ff1305ae
1165995000,32,7,fe3cfef4
1166005000,32,8,03aefc0b
1166015000,32,9,fe110311
1166025000,32,10,01040172
1166035000,32,11,fb96ff08
1166045000,32,12,0714fe73
1166055000,32,13,fc9901fb
1166065000,32,14,0001fe60
1166075000,32,15,006e009c
1167955000,32,16,00560091
1167965000,32,17,ff05004c
1167975000,32,18,015bfe49
1167985000,32,19,ff1d01f3
1167995000,32,20,0098003b
1168005000,32,21,0125fd71
1168015000,32,22,ff6803e2
1168025000,32,23,fcd1fd4c
1168035000,32,24,034602e7
1168045000,32,25,fb77fd8a
1168055000,32,26,0357ff5f
1168065000,32,27,001701b7
1168075000,32,28,ff94fc31
1168085000,32,29,009f034d
1168095000,32,30,ff6efff2
1168105000,32,31,003bff36
1169985000,33,0,ff880009
1169995000,33,1,0004ffce
1170005000,33,2,00cf013e
1170015000,33,3,fde8fd1c
1170025000,33,4,028903b3
1170035000,33,5,fddefbfb
1170045000,33,6,027b03b1
1170055000,33,7,fd95ff4f
1170065000,33,8,ff7afcbb
1170075000,33,9,02700330
1170085000,33,10,008700a6
1170095000,33,11,fc26fdc0
1170105000,33,12,02e10081
1170115000,33,13,ffea0153
1170125000,33,14,ff4bfeab
1170135000,33,15,00990051
1172015000,33,16,0015fff8
1172025000,33,17,fffe0064
1172035000,33,18,ffd0ff56
1172045000,33,19,ffbf000b
1172055000,33,20,00750047
1172065000,33,21,0139fd99
1172075000,33,22,0136042b
1172085000,33,23,fd58fdd2
1172095000,33,24,fe2f0118
1172105000,33,25,02c8ff48
1172115000,33,26,014afdec
1172125000,33,27,fdf7041f
1172135000,33,28,fff7fb0d
1172145000,33,29,01850377
1172155000,33,30,ff20fe07
1172165000,33,31,006e00b0
1174045000,34,0,ff7a0001
1174055000,34,1,ffddfef7
1174065000,34,2,00830274
1174075000,34,3,fe9afecb
1174085000,34,4,019dfe8f
1174095000,34,5,01bc01cb
1174105000,34,6,fcce0104
1174115000,34,7,00bbfca0
1174125000,34,8,01fa00c1
1174135000,34,9,fd2d01a5
1174145000,34,10,01cffe9c
1174155000,34,11,fe9a0163
1174165000,34,12,013bff13
1174175000,34,13,0022ff61
1174185000,34,14,fe4400d0
1174195000,34,15,01790022
1176075000,34,16,ffffffc3
1176085000,34,17,004900ff
1176095000,34,18,ff2bfe54
1176105000,34,19,00a80057
1176115000,34,20,002dff2b
1176125000,34,21,019c0294
1176135000,34,22,fe390033
1176145000,34,23,ffc5fbe0
1176155000,34,24,007101db
1176165000,34,25,ff5d0169
1176175000,34,26,0127fe2e
1176185000,34,27,ff980181
1176195000,34,28,ffd3fe1f
1176205000,34,29,003eff7c
1176215000,34,30,007d009b
1176225000,34,31,ffd3ffe8
1178105000,35,0,ff6dffa0
1178115000,35,1,00f60088
1178125000,35,2,fec00061
1178135000,35,3,004afdb4
1178145000,35,4,019501df
1178155000,35,5,fde9fee0
1178165000,35,6,fff103e3
1178175000,35,7,00d7faaf
1178185000,35,8,01610362
1178195000,35,9,feaafdf4
1178205000,35,10,001802b7
1178215000,35,11,ff64fc6e
1178225000,35,12,01910267
1178235000,35,13,fedbff48
1178245000,35,14,ffb3ff6d
1178255000,35,15,00a700db
1180135000,35,16,00700016
1180145000,35,17,ff7900da
1180155000,35,18,0010fdb9
1180165000,35,19,fedb0121
1180175000,35,20,02b70025
1180185000,35,21,ff06fd39
1180195000,35,22,01520555
1180205000,35,23,fdd7fce7
1180215000,35,24,0100014e
1180225000,35,25,fed1feea
1180235000,35,26,0154fee9
1180245000,35,27,ffa903e1
1180255000,35,28,fe9dfb53
1180265000,35,29,026801cb
1180275000,35,30,fefe0025
1180285000,35,31,ffd5ff77
1182165000,36,0,ff96ffe0
1182175000,36,1,ff3bfffb
1182185000,36,2,023d009c
1182195000,36,3,fd52ff7f
1182205000,36,4,0159ff67
1182215000,36,5,014dfe52
1182225000,36,6,fdfb05a1
1182235000,36,7,ffb1fc19
1182245000,36,8,fffefcc4
1182255000,36,9,02170697
1182265000,36,10,fe9bfcae
1182275000,36,11,ff0e018f
1182285000,36,12,01a7fe25
1182295000,36,13,ffcd00e0
1182305000,36,14,ff61fffd
1182315000,36,15,00bbfffd
1184195000,36,16,fff0003a
1184205000,36,17,001f00cd
1184215000,36,18,ff26fdb2
1184225000,36,19,01130183
1184235000,36,20,000f000b
1184245000,36,21,00b0ff4b
1184255000,36,22,ffc20101
1184265000,36,23,fef9ffff
1184275000,36,24,ffc2fd92
1184285000,36,25,02b502df
1184295000,36,26,fe8cfede
1184305000,36,27,0041042b
1184315000,36,28,fe2bf8d5
1184325000,36,29,02480321
1184335000,36,30,ff280003
1184345000,36,31,006fff8b
1186225000,37,0,006affcf
1186235000,37,1,feebffa6
1186245000,37,2,0128002b
1186255000,37,3,ff18fe90
1186265000,37,4,01ee0408
1186275000,37,5,fc99fa76
1186285000,37,6,01f00308
1186295000,37,7,ffa50117
1186305000,37,8,ff44fde3
1186315000,37,9,011b00ca
1186325000,37,10,007c01ab
1186335000,37,11,fd5cfe74
1186345000,37,12,0308000a
1186355000,37,13,ffe90056
1186365000,37,14,fe88ff56
1186375000,37,15,009f00b1
1188255000,37,16,ffabfffe
1188265000,37,17,000e00de
1188275000,37,18,ff62fec5
1188285000,37,19,fe590100
1188295000,37,20,02e0ff15
1188305000,37,21,00a3feea
1188315000,37,22,ff460335
1188325000,37,23,fd2cfe46
1188335000,37,24,025500bc
1188345000,37,25,fecc00fa
1188355000,37,26,00c2fdbd
1188365000,37,27,00a10274
1188375000,37,28,ff58fdcd
1188385000,37,29,ffc30136
1188395000,37,30,ff86ff75
1188405000,37,31,00e20006
1190285000,38,0,ff98ffda
1190295000,38,1,006f00ed
1190305000,38,2,ff72ff3e
1190315000,38,3,ffe1ffb8
1190325000,38,4,00a80268
1190335000,38,5,0099fb48
1190345000,38,6,ffb505b9
1190355000,38,7,00abfbac
1190365000,38,8,fb40003e
1190375000,38,9,0637ffa3
1190385000,38,10,fd0004d4
1190395000,38,11,ff8dfbac
1190405000,38,12,0138003c
1190415000,38,13,000d00e4
1190425000,38,14,ff29fff9
1190435000,38,15,0093ffb4
1192315000,38,16,ffd90062
1192325000,38,17,ffe0ff58
1192335000,38,18,008cffe7
1192345000,38,19,00e40063
1192355000,38,20,ff17fe78
1192365000,38,21,fef80344
1192375000,38,22,0005fbde
1192385000,38,23,03640414
1192395000,38,24,fd11fc84
1192405000,38,25,01fa02d2
1192415000,38,26,fd7600ad
1192425000,38,27,0094fcff
1192435000,38,28,ffe7001a
1192445000,38,29,015600b6
1192455000,38,30,ff79ffce
1192465000,38,31,0044ffce
1194345000,39,0,ffc0fff8
1194355000,39,1,ffe2ff37
1194365000,39,2,ffa30327
1194375000,39,3,0077fbad
1194385000,39,4,000f0269
1194395000,39,5,ff3bffd6
1194405000,39,6,00f60141
1194415000,39,7,ff09ff06
1194425000,39,8,010effd2
1194435000,39,9,0114febb
1194445000,39,10,ff050343
1194455000,39,11,ff13fcd9
1194465000,39,12,016b0041
1194475000,39,13,ff5b009c
1194485000,39,14,ff52fff1
1194495000,39,15,00a90000
1196375000,39,16,ffbaff88
1196385000,39,17,fff5006d
1196395000,39,18,ffc2feed
1196405000,39,19,014b019f
1196415000,39,20,fec8fff2
1196425000,39,21,013dfe82
1196435000,39,22,fe3501cd
1196445000,39,23,ff08ff0a
1196455000,39,24,0390ff24
1196465000,39,25,fce900bb
1196475000,39,26,02b2ff89
1196485000,39,27,003b018b
1196495000,39,28,ff5aff62
1196505000,39,29,0095ff4e
1196515000,39,30,fed30025
1196525000,39,31,014a005c
1198405000,40,0,ffccfff5
1198415000,40,1,ff420021
1198425000,40,2,014000c3
1198435000,40,3,fe1dfdee
1198445000,40,4,028d0126
1198455000,40,5,fcadff5e
1198465000,40,6,028802ba
1198475000,40,7,fe66fe87
1198485000,40,8,0016fe0b
1198495000,40,9,029c01c5
1198505000,40,10,fe2a00f9
1198515000,40,11,fd71ffc2
1198525000,40,12,04edfe7a
1198535000,40,13,fe0900d8
1198545000,40,14,ff62ffca
1198555000,40,15,00c8ffcd
1200435000,40,16,0024fff3
1200445000,40,17,003200ff
1200455000,40,18,fd94fe84
1200465000,40,19,0288ffc8
1200475000,40,20,ff390155
1200485000,40,21,04b0fd85
1200495000,40,22,f9bf03ab
1200505000,40,23,0310fec1
1200515000,40,24,fd6cffd7
1200525000,40,25,02b201ad
1200535000,40,26,fe9cfdca
1200545000,40,27,00c8013a
1200555000,40,28,00affe15
1200565000,40,29,ffd80163
1200575000,40,30,ffc9ffcb
1200585000,40,31,0084ffd1
1202465000,41,0,0004ffbc
1202475000,41,1,fff90031
1202485000,41,2,fe0e0124
1202495000,41,3,02cdfd87
1202505000,41,4,ff510291
1202515000,41,5,ffb9fdf5
1202525000,41,6,feb70190
1202535000,41,7,02ebff04
1202545000,41,8,fbb8003a
1202555000,41,9,0357ff6b
1202565000,41,10,ff1a01f2
1202575000,41,11,fff1ff41
1202585000,41,12,006f0069
1202595000,41,13,000ffdc3
1202605000,41,14,ffbd01c2
1202615000,41,15,0027ff88
1204495000,41,16,00370037
1204505000,41,17,0070ffec
1204515000,41,18,ffdafeb2
1204525000,41,19,013e0332
1204535000,41,20,fd360004
1204545000,41,21,02e9fce8
1204555000,41,22,fd2b0221
1204565000,41,23,0240fe06
1204575000,41,24,fe81013b
1204585000,41,25,013c0134
1204595000,41,26,ffecfee8
1204605000,41,27,012a0198
1204615000,41,28,fe96fd96
1204625000,41,29,011301a4
1204635000,41,30,ffe30011
1204645000,41,31,ffb8ff6c
1206525000,42,0,ff9bffe3
1206535000,42,1,005cff56
1206545000,42,2,fffe0205
1206555000,42,3,fe77fd5f
1206565000,42,4,01d2006d
1206575000,42,5,ff9400ce
1206585000,42,6,ff1501c9
1206595000,42,7,fe4bfceb
1206605000,42,8,047d00b9
1206615000,42,9,fb440292
1206625000,42,10,04a8ff59
1206635000,42,11,fd15fdbb
1206645000,42,12,013a021b
1206655000,42,13,0058fe5a
1206665000,42,14,ff0900f5
1206675000,42,15,00b5ffab
1208555000,42,16,00520005
1208565000,42,17,002f0085
1208575000,42,18,ffd8fe4e
1208585000,42,19,ffc002a2
1208595000,42,20,010dff73
1208605000,42,21,ff11ff30
1208615000,42,22,00f30015
1208625000,42,23,fc6101f9
1208635000,42,24,0170fc0d
1208645000,42,25,03bb02c7
1208655000,42,26,fcf2ff7a
1208665000,42,27,02c401ea
1208675000,42,28,fe11fecb
1208685000,42,29,0049ff58
1208695000,42,30,00bb01ab
1208705000,42,31,ff2fff4f
1210585000,43,0,002d002d
1210595000,43,1,ffbfff13
1210605000,43,2,ff5b01f0
1210615000,43,3,00e1fce6
1210625000,43,4,ff74029f
1210635000,43,5,00d60041
1210645000,43,6,ff7efffb
1210655000,43,7,0051fc19
1210665000,43,8,ff7b049b
1210675000,43,9,ff05fd47
1210685000,43,10,01f901f0
1210695000,43,11,ffc9ff6e
1210705000,43,12,fea0ffdd
1210715000,43,13,007afec1
1210725000,43,14,010201d9
1210735000,43,15,ff61ff3f
1212615000,43,16,000b0075
1212625000,43,17,0036002e
1212635000,43,18,ff4afe46
1212645000,43,19,0370025e
1212655000,43,20,fb4a0015
1212665000,43,21,01dbffcb
1212675000,43,22,fffa009e
1212685000,43,23,ff84ff3e
1212695000,43,24,0125ff77
1212705000,43,25,fc4400d4
1212715000,43,26,04e0ffc4
1212725000,43,27,ff3effca
1212735000,43,28,ff2a00f3
1212745000,43,29,007bffd3
1212755000,43,30,ffa80064
1212765000,43,31,ffeeff3a
1214645000,44,0,ffed0005
1214655000,44,1,ffd8ff7e
1214665000,44,2,009b01b8
1214675000,44,3,ff12fd69
1214685000,44,4,003d01bd
1214695000,44,5,00f7fda7
1214705000,44,6,fcb90607
1214715000,44,7,0351fa8b
1214725000,44,8,fe2f00bd
1214735000,44,9,01d401d4
1214745000,44,10,ff790170
1214755000,44,11,ff90fbc7
1214765000,44,12,fffb02e5
1214775000,44,13,0125fdd3
1214785000,44,14,ff3701c5
1214795000,44,15,ffedff21
1216675000,44,16,0058004e
1216685000,44,17,ffa2fff5
1216695000,44,18,ff02fee8
1216705000,44,19,03860134
1216715000,44,20,fca2003e
1216725000,44,21,04aefe10
1216735000,44,22,fa9f0576
1216745000,44,23,0286fb6f
1216755000,44,24,ffbe00c4
1216765000,44,25,0038031f
1216775000,44,26,000afdf6
1216785000,44,27,ff440234
1216795000,44,28,00a8fc84
1216805000,44,29,00c00228
1216815000,44,30,ff55ffc0
1216825000,44,31,0018ff95
1218705000,45,0,00080006
1218715000,45,1,0056001d
1218725000,45,2,ffa4003b
1218735000,45,3,ff86ff97
1218745000,45,4,01c6016c
1218755000,45,5,ff9ffc37
1218765000,45,6,fec50460
1218775000,45,7,00f5fd5b
1218785000,45,8,fc0600c4
1218795000,45,9,0716fe6d
1218805000,45,10,fc9604c9
1218815000,45,11,fe08fb85
1218825000,45,12,01fc008a
1218835000,45,13,0089015f
1218845000,45,14,ff81ff6c
1218855000,45,15,ff99ffd9
1220735000,45,16,00020007
1220745000,45,17,00460053
1220755000,45,18,fdc6fecc
1220765000,45,19,04e000c5
1220775000,45,20,fbc7ff36
1220785000,45,21,02adffd6
1220795000,45,22,fecf024b
1220805000,45,23,ff42ffee
1220815000,45,24,01f8fdd9
1220825000,45,25,ff520165
1220835000,45,26,01e80122
1220845000,45,27,fc74000b
1220855000,45,28,ffabfdfa
1220865000,45,29,031b006a
1220875000,45,30,febffff7
1220885000,45,31,0032ffea
1222765000,46,0,00570008
1222775000,46,1,ffdb0055
1222785000,46,2,ff050087
1222795000,46,3,019bfd70
1222805000,46,4,fff002d9
1222815000,46,5,fefefd81
1222825000,46,6,fffb009b
1222835000,46,7,fff90068
1222845000,46,8,fd5b012e
1222855000,46,9,03fffdf7
1222865000,46,10,ff1902d1
1222875000,46,11,fec9fdf6
1222885000,46,12,00c601c1
1222895000,46,13,ffdcfdd3
1222905000,46,14,00f70205
1222915000,46,15,ff77feca
1224795000,46,16,fffb003a
1224805000,46,17,ffe1ffe5
1224815000,46,18,ff82fff5
1224825000,46,19,01a7ff07
1224835000,46,20,fdba0245
1224845000,46,21,0179005b
1224855000,46,22,fdd8ff8a
1224865000,46,23,008cfe56
1224875000,46,24,00e5fe54
1224885000,46,25,ff510633
1224895000,46,26,0146fae9
1224905000,46,27,ff0102ff
1224915000,46,28,015eff3d
1224925000,46,29,fe91017d
1224935000,46,30,ffb8fe58
1224945000,46,31,00700054
1226825000,47,0,ffa8ff4e
1226835000,47,1,00c30080
1226845000,47,2,feb5003b
1226855000,47,3,ff80fee0
1226865000,47,4,017100bb
1226875000,47,5,00aafe94
1226885000,47,6,fc8a049d
1226895000,47,7,030bfaca
1226905000,47,8,fd8803a6
1226915000,47,9,042dfcf2
1226925000,47,10,fbf10423
1226935000,47,11,01f4fcbc
1226945000,47,12,009f00f9
1226955000,47,13,ff6effd2
1226965000,47,14,ff50ff4d
1226975000,47,15,00b900d2
1228855000,47,16,00270075
1228865000,47,17,fff9006c
1228875000,47,18,0015fecb
1228885000,47,19,00690024
1228895000,47,20,ffb0015a
1228905000,47,21,00ddfee3
1228915000,47,22,fe9c0094
1228925000,47,23,01640262
1228935000,47,24,fc73fd29
1228945000,47,25,03f500c4
1228955000,47,26,fdd3001d
1228965000,47,27,0073fdb2
1228975000,47,28,01c6020c
1228985000,47,29,fe69feed
1228995000,47,30,017401e0
1229005000,47,31,fef4fec8
1230885000,48,0,fffa0051
1230895000,48,1,ff81ff79
1230905000,48,2,00110129
1230915000,48,3,0094fde4
1230925000,48,4,017002db
1230935000,48,5,f981fb89
1230945000,48,6,0781055a
1230955000,48,7,faf0fec5
1230965000,48,8,0242fd43
1230975000,48,9,015d02a7
1230985000,48,10,febbffbf
1230995000,48,11,fd80ffd0
1231005000,48,12,040cfe79
1231015000,48,13,ff1101a7
1231025000,48,14,fecbffa6
1231035000,48,15,00bcff67
1232915000,48,16,002e0061
1232925000,48,17,ffb30042
1232935000,48,18,ff81fdb5
1232945000,48,19,0297020a
1232955000,48,20,fbed0025
1232965000,48,21,0705fdbd
1232975000,48,22,fa62041c
1232985000,48,23,017efee8
1232995000,48,24,ff2effcd
1233005000,48,25,fe390138
1233015000,48,26,0247feaf
1233025000,48,27,ff4501ea
1233035000,48,28,0067fcb1
1233045000,48,29,002301ed
1233055000,48,30,ffde008c
1233065000,48,31,002aff40
1234945000,49,0,ffed0029
1234955000,49,1,ffbcff77
1234965000,49,2,00010229
1234975000,49,3,007ffc68
1234985000,49,4,ffb302b7
1234995000,49,5,0087fec8
1235005000,49,6,0065001e
1235015000,49,7,fc600149
1235025000,49,8,0371fe0f
1235035000,49,9,0164ff57
1235045000,49,10,fd830413
1235055000,49,11,fd8dfc2a
1235065000,49,12,048700a1
1235075000,49,13,fe5501fa
1235085000,49,14,ff8ffe36
1235095000,49,15,00880075
1236975000,49,16,fffb0001
1236985000,49,17,00ab00ee
1236995000,49,18,fe81fdb8
1237005000,49,19,01d00200
1237015000,49,20,fd8700cc
1237025000,49,21,0364fdc4
1237035000,49,22,fbe901c0
1237045000,49,23,02a9fd81
1237055000,49,24,fd0bff63
1237065000,49,25,044f0116
1237075000,49,26,009f0096
1237085000,49,27,fdce0258
1237095000,49,28,00a7fb74
1237105000,49,29,ff860204
1237115000,49,30,009b003e
1237125000,49,31,ffadff3b
1239005000,50,0,ffb80043
1239015000,50,1,0051ffb9
1239025000,50,2,ff13009c
1239035000,50,3,0046ff8d
1239045000,50,4,ff8aff7d
1239055000,50,5,01570141
1239065000,50,6,ff2d0058
1239075000,50,7,ff13ff7e
1239085000,50,8,00c20099
1239095000,50,9,02a1fd57
1239105000,50,10,feb90424
1239115000,50,11,fc90fbb5
1239125000,50,12,039402cf
1239135000,50,13,ff7bfe97
1239145000,50,14,ff2700f8
1239155000,50,15,009bff20
1241035000,50,16,ffcb0004
1241045000,50,17,008e0076
1241055000,50,18,ffc5ff3f
1241065000,50,19,fe880191
1241075000,50,20,02e2ff37
1241085000,50,21,fe8bffb3
1241095000,50,22,ffdf0184
1241105000,50,23,fdb7fce0
1241115000,50,24,03bb0120
1241125000,50,25,fdb60134
1241135000,50,26,039bfe55
1241145000,50,27,ff42039d
1241155000,50,28,fed8fcbd
1241165000,50,29,ff210117
1241175000,50,30,0161ffe8
1241185000,50,31,ffeffff6
1243065000,51,0,ff7effa9
1243075000,51,1,0028000a
1243085000,51,2,00dd01c4
1243095000,51,3,fdeefd38
1243105000,51,4,0258018c
1243115000,51,5,ff16fd61
1243125000,51,6,fe5e059f
1243135000,51,7,0298fae4
1243145000,51,8,ffd80249
1243155000,51,9,fc96ff16
1243165000,51,10,04110000
1243175000,51,11,fdb0ff62
1243185000,51,12,00ca03ee
1243195000,51,13,ff70fb9b
1243205000,51,14,00c40189
1243215000,51,15,fffe000e
1245095000,51,16,0013009f
1245105000,51,17,00510087
1245115000,51,18,fee2fd57
1245125000,51,19,011301cb
1245135000,51,20,0045ffdd
1245145000,51,21,ff75ff4a
1245155000,51,22,024900b8
1245165000,51,23,fd8001f9
1245175000,51,24,01a1fcf3
1245185000,51,25,fefd02fb
1245195000,51,26,000afd2b
1245205000,51,27,0021033b
1245215000,51,28,00abfbb5
1245225000,51,29,00510348
1245235000,51,30,ff97fefa
1245245000,51,31,0028ff55
1247125000,52,0,00390008
1247135000,52,1,ff2cff8f
1247145000,52,2,013701ec
1247155000,52,3,ff65fd8e
1247165000,52,4,ffe20017
1247175000,52,5,002f0236
1247185000,52,6,0237fe36
1247195000,52,7,fad6023f
1247205000,52,8,0515f93c
1247215000,52,9,fd060741
1247225000,52,10,00b9fdf6
1247235000,52,11,fe7300aa
1247245000,52,12,0404fde1
1247255000,52,13,fcbb017a
1247265000,52,14,011dff9c
1247275000,52,15,ffbe0019
1249155000,52,16,ffceffd1
1249165000,52,17,fff0009d
1249175000,52,18,ffd3fd4f
1249185000,52,19,00e20321
1249195000,52,20,fdf3fef7
1249205000,52,21,03cdfde4
1249215000,52,22,fe3f023c
1249225000,52,23,ff970061
1249235000,52,24,ff44fe03
1249245000,52,25,0246031d
1249255000,52,26,fefdff85
1249265000,52,27,fea40187
1249275000,52,28,000ffa71
1249285000,52,29,0195025a
1249295000,52,30,ffa5004c
1249305000,52,31,0033ffd7
1251185000,53,0,ffc7ffbd
1251195000,53,1,ffc5ffcf
1251205000,53,2,01b0003c
1251215000,53,3,fe030074
1251225000,53,4,0196fea2
1251235000,53,5,fc29fd74
1251245000,53,6,05a605c3
1251255000,53,7,f9dafe09
1251265000,53,8,04e9fdf5
1251275000,53,9,fd2d0143
1251285000,53,10,fff40158
1251295000,53,11,0181fe9c
1251305000,53,12,ff6e014c
1251315000,53,13,0081ffbe
1251325000,53,14,ffa2fef1
1251335000,53,15,006600bb
1253215000,53,16,ffe10011
1253225000,53,17,006a0066
1253235000,53,18,fe300046
1253245000,53,19,005ffea2
1253255000,53,20,015c00af
1253265000,53,21,00bdff3e
1253275000,53,22,fcf30197
1253285000,53,23,ff45ffec
1253295000,53,24,03ddffbf
1253305000,53,25,fdb4ffa4
1253315000,53,26,01360134
1253325000,53,27,fff1ff90
1253335000,53,28,fe960021
1253345000,53,29,01550110
1253355000,53,30,fe5fff37
1253365000,53,31,0103ffe2
1255245000,54,0,ffc4ffc1
1255255000,54,1,00cf007c
1255265000,54,2,febfff73
1255275000,54,3,007c002f
1255285000,54,4,00bc0028
1255295000,54,5,0166fdc4
1255305000,54,6,fbe80441
1255315000,54,7,01b8fbb7
1255325000,54,8,01320301
1255335000,54,9,005dfe12
1255345000,54,10,fd4b015b
1255355000,54,11,021efde3
1255365000,54,12,fe4a032e
1255375000,54,13,018efe76
1255385000,54,14,ff72ff81
1255395000,54,15,002e00c7
1257275000,54,16,0078002b
1257285000,54,17,fff8ffea
1257295000,54,18,ff5ffffc
1257305000,54,19,0103ffb6
1257315000,54,20,ff8affc1
1257325000,54,21,ff2e01d0
1257335000,54,22,ffe7fd09
1257345000,54,23,016f00d7
1257355000,54,24,fb560093
1257365000,54,25,0552fef4
1257375000,54,26,fd8b00f2
1257385000,54,27,023bfe7e
1257395000,54,28,fe080055
1257405000,54,29,00a000ea
1257415000,54,30,ffe7ffe5
1257425000,54,31,ff43ff5d
1259305000,55,0,0034ffa0
1259315000,55,1,ffed003c
1259325000,55,2,ffe30022
1259335000,55,3,0025fd5d
1259345000,55,4,023003eb
1259355000,55,5,fa9ffcb4
1259365000,55,6,02df0315
1259375000,55,7,02b4fdc4
1259385000,55,8,fb3801ca
1259395000,55,9,043dfd0a
1259405000,55,10,fdef02fc
1259415000,55,11,ff1ffef7
1259425000,55,12,00fcff93
1259435000,55,13,00b7008e
1259445000,55,14,ff2fff6d
1259455000,55,15,001000d8
1261335000,55,16,ff3bfff4
1261345000,55,17,0048009f
1261355000,55,18,ff79fe75
1261365000,55,19,00be00c9
1261375000,55,20,fef6ffdd
1261385000,55,21,0264fdcb
1261395000,55,22,fd5e05eb
1261405000,55,23,0169fd5d
1261415000,55,24,fd330026
1261425000,55,25,0318fd05
1261435000,55,26,fff30353
1261445000,55,27,fec0013b
1261455000,55,28,ff10fc21
1261465000,55,29,02280125
1261475000,55,30,feca00ad
1261485000,55,31,00b5ff93
1263365000,56,0,ffc90028
1263375000,56,1,ff65ff03
1263385000,56,2,00b70294
1263395000,56,3,ff2bfd27
1263405000,56,4,01be009f
1263415000,56,5,fc3bff27
1263425000,56,6,03180342
1263435000,56,7,fe8a00fb
1263445000,56,8,0051fa78
1263455000,56,9,025d0359
1263465000,56,10,fe47008c
1263475000,56,11,fe61ff9d
1263485000,56,12,0310feb5
1263495000,56,13,fedb0051
1263505000,56,14,ff520072
1263515000,56,15,00c2ffa5
1265395000,56,16,fff6002e
1265405000,56,17,00490032
1265415000,56,18,ff4afd64
1265425000,56,19,0108037f
1265435000,56,20,ff25ff63
1265445000,56,21,0463fd96
1265455000,56,22,fa84050a
1265465000,56,23,01a5fcc4
1265475000,56,24,ff1e01a8
1265485000,56,25,00cfff50
1265495000,56,26,00d600c6
1265505000,56,27,fe4c0261
1265515000,56,28,000ffa8b
1265525000,56,29,00f501f4
1265535000,56,30,00840058
1265545000,56,31,ff97ffd0
1267425000,57,0,ffe1001d
1267435000,57,1,fff60012
1267445000,57,2,ffc70087
1267455000,57,3,ffda0015
1267465000,57,4,ff840007
1267475000,57,5,0276fde1
1267485000,57,6,fdf4028e
1267495000,57,7,ffc6ff0a
1267505000,57,8,001f0101
1267515000,57,9,00bafd1c
1267525000,57,10,ff5503c9
1267535000,57,11,0022fe77
1267545000,57,12,0188ffe3
1267555000,57,13,fed2ff9d
1267565000,57,14,ff940072
1267575000,57,15,0096ff66
1269455000,57,16,00520005
1269465000,57,17,009e0096
1269475000,57,18,ffcafe58
1269485000,57,19,ff2a03b2
1269495000,57,20,00c6fe01
1269505000,57,21,00dffec5
1269515000,57,22,fd31011a
1269525000,57,23,00b6feeb
1269535000,57,24,00780025
1269545000,57,25,008a0062
1269555000,57,26,0114ffe8
1269565000,57,27,fe9201f8
1269575000,57,28,fef4fc21
1269585000,57,29,0229016b
1269595000,57,30,ff650132
1269605000,57,31,ff96fefb
1271485000,58,0,ffce000f
1271495000,58,1,0050ff23
1271505000,58,2,ff0301be
1271515000,58,3,fff4febe
1271525000,58,4,008e0036
1271535000,58,5,026cfe1e
1271545000,58,6,fa8405dd
1271555000,58,7,01a8f9fd
1271565000,58,8,034a0349
1271575000,58,9,fdf40031
1271585000,58,10,0161ffa8
1271595000,58,11,fe9afd58
1271605000,58,12,0042031a
1271615000,58,13,0088fe22
1271625000,58,14,ffa80085
1271635000,58,15,001affe9
1273515000,58,16,00710070
1273525000,58,17,00cc0059
1273535000,58,18,fe71fecb
1273545000,58,19,01bb0157
1273555000,58,20,fe590135
1273565000,58,21,036cfcce
1273575000,58,22,fc3a02c4
1273585000,58,23,01efff05
1273595000,58,24,fe47ff8c
1273605000,58,25,025601d5
1273615000,58,26,fe5bfe9f
1273625000,58,27,01f30169
1273635000,58,28,ff3bfe83
1273645000,58,29,ff7e0108
1273655000,58,30,007e00b6
1273665000,58,31,ff47fecf
1275545000,59,0,ffd3002e
1275555000,59,1,ff40febb
1275565000,59,2,019c0332
1275575000,59,3,fe8dfbe8
1275585000,59,4,00080260
1275595000,59,5,00ecfe55
1275605000,59,6,001604ea
1275615000,59,7,fd94fa13
1275625000,59,8,02f10222
1275635000,59,9,ffb0003d
1275645000,59,10,ff2000c4
1275655000,59,11,ff1bfed8
1275665000,59,12,01b0ffec
1275675000,59,13,fefc006f
1275685000,59,14,008a004c
1275695000,59,15,0014ffa9
1277575000,59,16,ffb7007c
1277585000,59,17,00d30054
1277595000,59,18,fed1fecf
1277605000,59,19,fff9005f
1277615000,59,20,0284017a
1277625000,59,21,fde0ff4e
1277635000,59,22,00640053
1277645000,59,23,ff64fee7
1277655000,59,24,00570022
1277665000,59,25,01b102e8
1277675000,59,26,fd63fe95
1277685000,59,27,0171fef9
1277695000,59,28,014600a4
1277705000,59,29,fd98ffaa
1277715000,59,30,0148005d
1277725000,59,31,000eff3d
1279605000,60,0,ffafff9d
1279615000,60,1,00060040
1279625000,60,2,010900ca
1279635000,60,3,fcfefdef
1279645000,60,4,039c0187
1279655000,60,5,fba4fd61
1279665000,60,6,048705cb
1279675000,60,7,fc08fcfb
1279685000,60,8,01a1fe09
1279695000,60,9,01a802a0
1279705000,60,10,febb00d0
1279715000,60,11,0020fd7b
1279725000,60,12,004c00cf
1279735000,60,13,fff20093
1279745000,60,14,ffedfed7
1279755000,60,15,0026008f
1281635000,60,16,0035fff6
1281645000,60,17,0059004c
1281655000,60,18,fe7dfe66
1281665000,60,19,02fa0243
1281675000,60,20,fcf1ffc2
1281685000,60,21,040afbbc
1281695000,60,22,fd34079b
1281705000,60,23,00ccfaec
1281715000,60,24,ff930248
1281725000,60,25,0029014c
1281735000,60,26,0117fe9a
1281745000,60,27,fe5c0271
1281755000,60,28,ff5bfb60
1281765000,60,29,02e40254
1281775000,60,30,ff44003d
1281785000,60,31,ffaeffd0
1283665000,61,0,fff2ff87
1283675000,61,1,ffc100bb
1283685000,61,2,fffc004d
1283695000,61,3,0114fcf9
1283705000,61,4,008a04bf
1283715000,61,5,fe1afb04
1283725000,61,6,ff2f041e
1283735000,61,7,03f4fc10
1283745000,61,8,fc0e030f
1283755000,61,9,01affe6b
1283765000,61,10,ffa60131
1283775000,61,11,ff98ff25
1283785000,61,12,0102fff3
1283795000,61,13,ff0a00ae
1283805000,61,14,002bff54
1283815000,61,15,004400c2
1285695000,61,16,fffc0061
1285705000,61,17,ffb5ff0c
1285715000,61,18,00250049
1285725000,61,19,008e0012
1285735000,61,20,fee5fff2
1285745000,61,21,0289fef0
1285755000,61,22,fcd100a7
1285765000,61,23,02ae01fe
1285775000,61,24,fb94fb1d
1285785000,61,25,0603037e
1285795000,61,26,fd47029f
1285805000,61,27,ff20fbf0
1285815000,61,28,0043003c
1285825000,61,29,ffafff4a
1285835000,61,30,0143012d
1285845000,61,31,ff4cff74
1287725000,62,0,005cffa4
1287735000,62,1,000c00ba
1287745000,62,2,fed4ffc5
1287755000,62,3,0170fdb4
1287765000,62,4,ffed0303
1287775000,62,5,ff29ffb5
1287785000,62,6,00a3fecf
1287795000,62,7,ff82ff44
1287805000,62,8,fe280182
1287815000,62,9,02deffcc
1287825000,62,10,ffee0133
1287835000,62,11,fd58ffde
1287845000,62,12,03fbfda7
1287855000,62,13,fcdd0209
1287865000,62,14,0247fee1
1287875000,62,15,feae006e
1289755000,62,16,ffcf007c
1289765000,62,17,0094ffdd
1289775000,62,18,fe6dfefa
1289785000,62,19,03130178
1289795000,62,20,fc7e00ee
1289805000,62,21,0358fe38
1289815000,62,22,fd5000a2
1289825000,62,23,ff710033
1289835000,62,24,0223fd44
1289845000,62,25,fe64038b
1289855000,62,26,027ffeb4
1289865000,62,27,fffbfe8e
1289875000,62,28,0004018a
1289885000,62,29,00340024
1289895000,62,30,fe800048
1289905000,62,31,00ddff33
1291785000,63,0,ffecff8e
1291795000,63,1,00d5017d
1291805000,63,2,fd99feb5
1291815000,63,3,025bff95
1291825000,63,4,005b01db
1291835000,63,5,fef6fdd7
1291845000,63,6,fdb400f9
1291855000,63,7,042d0100
1291865000,63,8,fdb2006e
1291875000,63,9,fff3fcc1
1291885000,63,10,033301d3
1291895000,63,11,faa700db
1291905000,63,12,03f7ffbd
1291915000,63,13,fe4efe8f
1291925000,63,14,00f800f3
1291935000,63,15,ff5dffe4
1293815000,63,16,008affea
1293825000,63,17,0047003d
1293835000,63,18,ff5d0075
1293845000,63,19,00c2fe4b
1293855000,63,20,ffd700a6
1293865000,63,21,ffd90141
1293875000,63,22,feb4ff26
1293885000,63,23,00a2feb5
1293895000,63,24,ff30001e
1293905000,63,25,03db01b7
1293915000,63,26,fbc7fd01
1293925000,63,27,02b2ff9f
1293935000,63,28,00530286
1293945000,63,29,fea1ff8b
1293955000,63,30,015cff60
1293965000,63,31,fee60001
